{
	"format_version": "1.12.0",
	"minecraft:geometry": [
		{
			"description": {
				"identifier": "geometry.unknown",
				"texture_width": 64,
				"texture_height": 64,
				"visible_bounds_width": 4,
				"visible_bounds_height": 4.5,
				"visible_bounds_offset": [0, 1.75, 0]
			},
			"bones": [
				{
					"name": "Body",
					"pivot": [0, 24, 0],
					"cubes": [
						{"origin": [-4, 12, -2], "size": [8, 12, 4], "uv": [16, 16]}
					]
				},
				{
					"name": "Head",
					"pivot": [0, 24, 0],
					"rotation": [3, -10, 0],
					"cubes": [
						{"origin": [-4, 24, -4], "size": [8, 8, 8], "uv": [0, 0]},
						{"origin": [-4, 24, -4], "size": [8, 8, 8], "inflate": 0.5, "uv": [32, 0]}
					]
				},
				{
					"name": "Blossom",
					"parent": "Head",
					"pivot": [0, 36, -1],
					"rotation": [-177.5, -10, 0],
					"cubes": [
						{
							"origin": [-8.03044, 39.39552, -16.16651],
							"size": [16, 0, 16],
							"pivot": [-0.03044, 36, -1.69725],
							"rotation": [22.5, 0, 0],
							"uv": {
								"up": {"uv": [16, 34], "uv_size": [13, 14]},
								"down": {"uv": [48, 48], "uv_size": [-16, 16]}
							}
						},
						{
							"origin": [-7.03044, 39.9, -8.69725],
							"size": [14, 0, 14],
							"uv": {
								"up": {"uv": [31, 36], "uv_size": [-14, 14]},
								"down": {"uv": [31, 63], "uv_size": [-14, -14]}
							}
						},
						{
							"origin": [-8.03044, 39.7, -1.69725],
							"size": [16, 0, 16],
							"pivot": [7.96956, 40, -1.69725],
							"rotation": [-22.5, 0, 0],
							"uv": {
								"up": {"uv": [19, 48], "uv_size": [-3, -11]},
								"down": {"uv": [0, 64], "uv_size": [16, -16]}
							}
						},
						{
							"origin": [-16.25, 39.25, -9.75],
							"size": [16, 0, 16],
							"pivot": [-1.25, 40.25, 5.25],
							"rotation": [0, 0, -22.5],
							"uv": {
								"north": {"uv": [34, 2], "uv_size": [16, 0]},
								"east": {"uv": [18, 2], "uv_size": [16, 0]},
								"south": {"uv": [2, 2], "uv_size": [16, 0]},
								"west": {"uv": [-14, 2], "uv_size": [16, 0]},
								"up": {"uv": [16, 32], "uv_size": [17, 16]},
								"down": {"uv": [64, 48], "uv_size": [-16, 16]}
							}
						},
						{
							"origin": [0.25, 39.25, -9.75],
							"size": [16, 0, 16],
							"pivot": [1.25, 40.25, -8.75],
							"rotation": [0, 0, 22.5],
							"uv": {
								"north": {"uv": [2, 2], "uv_size": [16, 0]},
								"east": {"uv": [-14, 2], "uv_size": [16, 0]},
								"south": {"uv": [34, 2], "uv_size": [16, 0]},
								"west": {"uv": [18, 2], "uv_size": [16, 0]},
								"up": {"uv": [16, 32], "uv_size": [17, 16]},
								"down": {"uv": [0, 48], "uv_size": [16, -16]}
							}
						}
					]
				},
				{
					"name": "RightArm",
					"pivot": [-5, 22, 0],
					"rotation": [-80, -5, 0],
					"cubes": [
						{"origin": [-8, 12, -2], "size": [4, 12, 4], "uv": [40, 16]}
					]
				},
				{
					"name": "LeftArm",
					"pivot": [5, 22, 0],
					"rotation": [-75, 5, 0],
					"mirror": true,
					"cubes": [
						{"origin": [4, 12, -2], "size": [4, 12, 4], "uv": [40, 16]}
					]
				},
				{
					"name": "RightLeg",
					"pivot": [-1.9, 12, 0],
					"rotation": [0, 0, 5],
					"cubes": [
						{"origin": [-3.9, 0, -2], "size": [4, 12, 4], "uv": [0, 16]}
					]
				},
				{
					"name": "LeftLeg",
					"pivot": [1.9, 12, 0],
					"rotation": [20, 0, 0],
					"mirror": true,
					"cubes": [
						{"origin": [-0.1, 0, -2], "size": [4, 12, 4], "pivot": [0, 12, 0], "rotation": [-20, 0, 0], "uv": [0, 16]}
					]
				}
			]
		}
	]
}