{
	"format_version": "1.12.0",
	"minecraft:geometry": [
		{
			"description": {
				"identifier": "geometry.unknown",
				"texture_width": 64,
				"texture_height": 64,
				"visible_bounds_width": 3,
				"visible_bounds_height": 3.5,
				"visible_bounds_offset": [0, 1.25, 0]
			},
			"bones": [
				{
					"name": "bipedHead",
					"pivot": [0, 24, 0]
				},
				{
					"name": "armorHead",
					"parent": "bipedHead",
					"pivot": [0, 24, 0]
				},
				{
					"name": "bipedBody",
					"pivot": [0, 24, 0]
				},
				{
					"name": "armorBody",
					"parent": "bipedBody",
					"pivot": [0, 24, 0]
				},
				{
					"name": "bipedRightArm",
					"pivot": [-5, 22, 0]
				},
				{
					"name": "armorRightArm",
					"parent": "bipedRightArm",
					"pivot": [-5, 22, 0]
				},
				{
					"name": "bipedLeftArm",
					"pivot": [5, 22, 0]
				},
				{
					"name": "armorLeftArm",
					"parent": "bipedLeftArm",
					"pivot": [5, 22, 0]
				},
				{
					"name": "bipedLeftLeg",
					"pivot": [2, 12, 0]
				},
				{
					"name": "armorLeftLeg",
					"parent": "bipedLeftLeg",
					"pivot": [2, 12, 0]
				},
				{
					"name": "armorLeftBoot",
					"parent": "bipedLeftLeg",
					"pivot": [2, 12, 0]
				},
				{
					"name": "bipedRightLeg",
					"pivot": [-2, 12, 0]
				},
				{
					"name": "armorRightLeg",
					"parent": "bipedRightLeg",
					"pivot": [-2, 12, 0]
				},
				{
					"name": "armorRightBoot",
					"parent": "bipedRightLeg",
					"pivot": [-2, 12, 0]
				},
				{
					"name": "Blossom",
					"pivot": [0, 36, -1],
					"rotation": [-177.5, -10, 0],
					"cubes": [
						{
							"origin": [-8.03044, 39.39552, -16.16651],
							"size": [16, 0, 16],
							"pivot": [-0.03044, 36, -1.69725],
							"rotation": [22.5, 0, 0],
							"uv": {
								"up": {"uv": [16, 64], "uv_size": [-16, -16]},
								"down": {"uv": [48, 48], "uv_size": [-16, 16]}
							}
						},
						{
							"origin": [-7.03044, 39.9, -8.69725],
							"size": [14, 0, 14],
							"uv": {
								"up": {"uv": [31, 63], "uv_size": [-14, -14]},
								"down": {"uv": [31, 63], "uv_size": [-14, -14]}
							}
						},
						{
							"origin": [-13.89074, 42.45699, -9.69725],
							"size": [16, 0, 16],
							"pivot": [7.96956, 36, -1.69725],
							"rotation": [0, 0, -22.5],
							"uv": {
								"up": {"uv": [16, 64], "uv_size": [-16, -16], "uv_rotation": 90},
								"down": {"uv": [0, 32], "uv_size": [16, 16], "uv_rotation": 270}
							}
						},
						{
							"origin": [-0.95221, 36.33405, -9.69725],
							"size": [16, 0, 16],
							"pivot": [7.96956, 36, -1.69725],
							"rotation": [0, 0, 22.5],
							"uv": {
								"up": {"uv": [16, 64], "uv_size": [-16, -16], "uv_rotation": 270},
								"down": {"uv": [48, 64], "uv_size": [16, -16], "uv_rotation": 90}
							}
						},
						{
							"origin": [-7.96956, 39.39552, -3.22798],
							"size": [16, 0, 16],
							"pivot": [-7.96956, 36, -1.69725],
							"rotation": [-22.5, 0, 0],
							"uv": {
								"up": {"uv": [16, 48], "uv_size": [-16, 16]},
								"down": {"uv": [16, 64], "uv_size": [-16, -16]}
							}
						}
					]
				}
			]
		}
	]
}