{
    "name": "Green glowberrys",
    "icon": "glowberry_expantion:green_glowberrys",
    "category": "glowberry_expantion:glowberrys_category",
    "pages": [
        {
            "type": "text",
            "text": "Green glowberrys are the third easiest of the new glowberrys to acquire. They can be found in glow temples."
        },
        {
            "type": "patchouli:relations",
            "entries": [
			  "glowberry_expantion:glow_temple_entry"
			],
			"text": "Here you can find out more about glow temples."
        }
    ]
}