{
    "name": "Purple glowberrys",
    "icon": "glowberry_expantion:purple_glowberrys",
    "category": "glowberry_expantion:glowberrys_category",
    "pages": [
        {
            "type": "text",
            "text": "Purple glowberrys are the second easiest of the new glowberrys to acquire. They can be found in glow ruins."
        },
        {
            "type": "patchouli:relations",
            "entries": [
			  "glowberry_expantion:glow_ruin_entry"
			],
			"text": "Here you can find out more about glow ruins."
        }
    ]
}