{
  "credit": "Made with Blockbench",
  "elements": [
    {
      "from": [
        2,
        0,
        2
      ],
      "to": [
        14,
        8,
        14
      ],
      "rotation": {
        "angle": 0,
        "axis": "y",
        "origin": [
          1,
          0,
          1
        ]
      },
      "faces": {
        "north": {
          "uv": [
            4.5,
            8,
            7.5,
            16
          ],
          "texture": "#1"
        },
        "east": {
          "uv": [
            4.5,
            8,
            7.5,
            16
          ],
          "texture": "#1"
        },
        "south": {
          "uv": [
            4.5,
            8,
            7.5,
            16
          ],
          "texture": "#1"
        },
        "west": {
          "uv": [
            4.5,
            8,
            7.5,
            16
          ],
          "texture": "#1"
        },
        "up": {
          "uv": [
            0.5,
            2,
            3.5,
            14
          ],
          "texture": "#1"
        },
        "down": {
          "uv": [
            12.5,
            2,
            15.5,
            14
          ],
          "texture": "#1"
        }
      }
    }
  ]
}