{
  "credit": "Made with Blockbench",
  "elements": [
    {
      "from": [
        2,
        0,
        2
      ],
      "to": [
        6,
        8,
        14
      ],
      "rotation": {
        "angle": 0,
        "axis": "y",
        "origin": [
          1,
          0,
          1
        ]
      },
      "faces": {
        "north": {
          "uv": [
            6.5,
            8,
            7.5,
            16
          ],
          "texture": "#0"
        },
        "east": {
          "uv": [
            8.5,
            8,
            11.5,
            16
          ],
          "texture": "#0"
        },
        "south": {
          "uv": [
            4.5,
            8,
            5.5,
            16
          ],
          "texture": "#0"
        },
        "west": {
          "uv": [
            4.5,
            8,
            7.5,
            16
          ],
          "texture": "#0"
        },
        "up": {
          "uv": [
            0.5,
            2,
            1.5,
            14
          ],
          "texture": "#0"
        },
        "down": {
          "uv": [
            12.5,
            2,
            13.5,
            14
          ],
          "texture": "#0"
        }
      }
    }
  ]
}