{
  "credit": "Made with Blockbench",
  "elements": [
    {
      "from": [
        1,
        0,
        1
      ],
      "to": [
        13,
        8,
        15
      ],
      "rotation": {
        "angle": 0,
        "axis": "y",
        "origin": [
          1,
          0,
          1
        ]
      },
      "faces": {
        "north": {
          "uv": [
            4.75,
            8,
            7.75,
            16
          ],
          "texture": "#0"
        },
        "east": {
          "uv": [
            8.25,
            8,
            11.75,
            16
          ],
          "texture": "#0"
        },
        "south": {
          "uv": [
            4.25,
            8,
            7.25,
            16
          ],
          "texture": "#0"
        },
        "west": {
          "uv": [
            4.25,
            8,
            7.75,
            16
          ],
          "texture": "#0"
        },
        "up": {
          "uv": [
            0.25,
            1,
            3.25,
            15
          ],
          "texture": "#0"
        },
        "down": {
          "uv": [
            12.25,
            1,
            15.75,
            15
          ],
          "texture": "#0"
        }
      }
    }
  ]
}