{
  "credit": "Made with Blockbench",
  "elements": [
    {
      "from": [
        1,
        0,
        1
      ],
      "to": [
        15,
        9,
        15
      ],
      "rotation": {
        "angle": 0,
        "axis": "y",
        "origin": [
          2,
          0,
          2
        ]
      },
      "faces": {
        "north": {
          "uv": [
            0,
            4,
            14,
            14
          ],
          "texture": "#0"
        },
        "east": {
          "uv": [
            0,
            6,
            14,
            16
          ],
          "texture": "#0"
        },
        "south": {
          "uv": [
            0,
            4,
            14,
            14
          ],
          "texture": "#0"
        },
        "west": {
          "uv": [
            0,
            3,
            14,
            13
          ],
          "texture": "#0"
        },
        "up": {
          "uv": [
            8,
            4.5,
            15,
            11.5
          ],
          "texture": "#2"
        },
        "down": {
          "uv": [
            1,
            1,
            15,
            15
          ],
          "texture": "#1"
        }
      }
    },
    {
      "name": "spoon",
      "from": [
        9,
        8,
        7
      ],
      "to": [
        11,
        18,
        9
      ],
      "rotation": {
        "angle": -22.5,
        "axis": "z",
        "origin": [
          10,
          9,
          8
        ]
      },
      "faces": {
        "north": {
          "uv": [
            3,
            5.5,
            4,
            10.5
          ],
          "texture": "#2"
        },
        "east": {
          "uv": [
            3,
            5.5,
            4,
            10.5
          ],
          "texture": "#2"
        },
        "south": {
          "uv": [
            3,
            5.5,
            4,
            10.5
          ],
          "texture": "#2"
        },
        "west": {
          "uv": [
            3,
            5.5,
            4,
            10.5
          ],
          "texture": "#2"
        },
        "up": {
          "uv": [
            3,
            4.5,
            4,
            5.5
          ],
          "texture": "#2"
        },
        "down": {
          "uv": [
            3,
            10.5,
            4,
            11.5
          ],
          "texture": "#2"
        }
      }
    },
    {
      "from": [
        13,
        9,
        1
      ],
      "to": [
        15,
        10,
        15
      ],
      "rotation": {
        "angle": 0,
        "axis": "y",
        "origin": [
          13,
          9,
          1
        ]
      },
      "faces": {
        "north": {
          "uv": [
            0,
            0,
            2,
            1
          ],
          "texture": "#0"
        },
        "east": {
          "uv": [
            0,
            2,
            14,
            3
          ],
          "texture": "#0"
        },
        "south": {
          "uv": [
            12,
            0,
            14,
            1
          ],
          "texture": "#0"
        },
        "west": {
          "uv": [
            0,
            0,
            14,
            2
          ],
          "texture": "#0"
        },
        "up": {
          "uv": [
            0,
            1,
            2,
            15
          ],
          "texture": "#1"
        },
        "down": {
          "uv": [
            0,
            0,
            2,
            14
          ],
          "texture": "#missing"
        }
      }
    },
    {
      "from": [
        1,
        9,
        1
      ],
      "to": [
        3,
        10,
        15
      ],
      "rotation": {
        "angle": 0,
        "axis": "y",
        "origin": [
          1,
          9,
          1
        ]
      },
      "faces": {
        "north": {
          "uv": [
            0,
            0,
            2,
            1
          ],
          "texture": "#0"
        },
        "east": {
          "uv": [
            0,
            2,
            14,
            3
          ],
          "texture": "#0"
        },
        "south": {
          "uv": [
            12,
            0,
            14,
            1
          ],
          "texture": "#0"
        },
        "west": {
          "uv": [
            0,
            0,
            14,
            1
          ],
          "texture": "#0"
        },
        "up": {
          "uv": [
            0,
            1,
            2,
            15
          ],
          "texture": "#1"
        },
        "down": {
          "uv": [
            0,
            0,
            2,
            14
          ],
          "texture": "#missing"
        }
      }
    },
    {
      "from": [
        3,
        9,
        1
      ],
      "to": [
        13,
        10,
        3
      ],
      "rotation": {
        "angle": 0,
        "axis": "y",
        "origin": [
          17,
          9,
          1
        ]
      },
      "faces": {
        "north": {
          "uv": [
            2,
            0,
            12,
            1
          ],
          "texture": "#0"
        },
        "east": {
          "uv": [
            0,
            0,
            2,
            1
          ],
          "texture": "#0"
        },
        "south": {
          "uv": [
            2,
            2,
            12,
            3
          ],
          "texture": "#0"
        },
        "west": {
          "uv": [
            12,
            0,
            14,
            1
          ],
          "texture": "#0"
        },
        "up": {
          "uv": [
            0,
            3,
            2,
            13
          ],
          "rotation": 90,
          "texture": "#1"
        },
        "down": {
          "uv": [
            0,
            0,
            2,
            14
          ],
          "rotation": 270,
          "texture": "#missing"
        }
      }
    },
    {
      "from": [
        3,
        9,
        13
      ],
      "to": [
        13,
        10,
        15
      ],
      "rotation": {
        "angle": 0,
        "axis": "y",
        "origin": [
          17,
          9,
          13
        ]
      },
      "faces": {
        "north": {
          "uv": [
            2,
            0,
            12,
            2
          ],
          "texture": "#0"
        },
        "east": {
          "uv": [
            0,
            0,
            2,
            1
          ],
          "texture": "#0"
        },
        "south": {
          "uv": [
            2,
            2,
            12,
            3
          ],
          "texture": "#0"
        },
        "west": {
          "uv": [
            12,
            0,
            14,
            1
          ],
          "texture": "#0"
        },
        "up": {
          "uv": [
            0,
            3,
            2,
            13
          ],
          "rotation": 90,
          "texture": "#1"
        },
        "down": {
          "uv": [
            0,
            0,
            2,
            14
          ],
          "rotation": 270,
          "texture": "#missing"
        }
      }
    }
  ]
}