{
	"format_version": "1.8.0",
	"animations": {
		"idle.model.new": {
			"animation_length": 2,
			"bones": {
				"RightArm": {
					"rotation": {
						"0.0": {
							"vector": [0, 0, 0]
						},
						"1.0": {
							"vector": [2.5, 0, 0]
						},
						"2.0": {
							"vector": [0, 0, 0]
						}
					}
				},
				"LeftArm": {
					"rotation": {
						"0.0": {
							"vector": [0, 0, 0]
						},
						"1.0": {
							"vector": [-15, 0, 0]
						},
						"2.0": {
							"vector": [0, 0, 0]
						}
					}
				},
				"Blossom": {
					"rotation": {
						"vector": [2.5, 0, 0]
					}
				}
			}
		},
		"walk.model.new": {
			"animation_length": 4,
			"bones": {
				"RightLeg": {
					"rotation": {
						"0.0": {
							"vector": [0, 0, 0]
						},
						"1.0": {
							"vector": [40, 0, 0]
						},
						"2.0": {
							"vector": [0, 0, 0]
						},
						"3.0": {
							"vector": [-41.25, 0, 0]
						},
						"4.0": {
							"vector": [0, 0, 0]
						}
					}
				},
				"LeftLeg": {
					"rotation": {
						"0.0": {
							"vector": [0, 0, 0]
						},
						"1.0": {
							"vector": [-45, 0, 0]
						},
						"2.0": {
							"vector": [0, 0, 0]
						},
						"3.0": {
							"vector": [44.17, 0, 0]
						},
						"4.0": {
							"vector": [0, 0, 0]
						}
					}
				}
			}
		}
	},
	"geckolib_format_version": 2
}