{
  "name": "glowberry_expantion:glowberry_ruin_3",
  "fallback": "minecraft:empty",
  "elements": [
    {
      "weight": 1,
      "element": {
        "element_type": "minecraft:single_pool_element",
        "location": "glowberry_expantion:glowberry_ruin_3",
        "projection": "rigid",
        "processors": {
          "processors": [
            {
              "processor_type": "minecraft:block_ignore",
              "blocks": [
                {
                  "Name": "minecraft:structure_block"
                }
              ]
            }
          ]
        }
      }
    }
  ]
}