{
	"processor": "package.name.ClassName"
	"components": [
		{
			"type": "patchouli:text",
			"text": "#text",
			"x": 20,
			"y": 30
		},
		{
			"type": "patchouli:text",
			"text": "#text2",
			"x": 6,
			"y": 55,
			"max_width": 40,
			"line_height": 12,
			"color": "007700"
		},
		{
			"type": "patchouli:item",
			"item": "#item",
			"x": 60,
			"y": 50,
			"framed": true,
			"link_recipe": true
		},
		{
			"type": "patchouli:item",
			"item": "minecraft:gold_ingot",
			"x": 60,
			"y": 80
		},
		{
			"type": "patchouli:image",
			"image": "minecraft:textures/painting/paintings_kristoffer_zetterstrand.png",
			"x": 50,
			"y": 100,
			"u": 160,
			"v": 128,
			"width": 32,
			"height": 32
		},
		{
			"group": "header",
			"type": "patchouli:header",
			"text": "Template Test",
			"x": -1
		},
		{
			"group": "header",
			"type": "patchouli:separator",
			"y": 12
		}
	]
}