{
  "components": [
    {
      "type": "patchouli:header",
      "text": "#heading",
      "x": -1,
      "y": -6
    },
    {
      "type": "patchouli:image",
      "image": "glowberry_expantion:textures/screens/patchouli_book_crafting.png",
      "x": 7,
      "y": 2,
      "u": 0,
      "v": 0,
      "texture_width": 128,
      "texture_height": 256,
      "width": 100,
      "height": 62
    },
    {
      "type": "patchouli:image",
      "image": "glowberry_expantion:textures/screens/patchouli_book_crafting.png",
      "guard": "#shapeless",
      "x": 71,
      "y": 6,
      "u": 0,
      "v": 64,
      "texture_width": 128,
      "texture_height": 256,
      "width": 11,
      "height": 11
    },
    {
      "type": "patchouli:item",
      "item": "#input1",
      "x": 12,
      "y": 7
    },
    {
      "type": "patchouli:item",
      "item": "#input2",
      "x": 31,
      "y": 7
    },
    {
      "type": "patchouli:item",
      "item": "#input3",
      "x": 50,
      "y": 7
    },
    {
      "type": "patchouli:item",
      "item": "#input4",
      "x": 12,
      "y": 26
    },
    {
      "type": "patchouli:item",
      "item": "#input5",
      "x": 31,
      "y": 26
    },
    {
      "type": "patchouli:item",
      "item": "#input6",
      "x": 50,
      "y": 26
    },
    {
      "type": "patchouli:item",
      "item": "#input7",
      "x": 12,
      "y": 45
    },
    {
      "type": "patchouli:item",
      "item": "#input8",
      "x": 31,
      "y": 45
    },
    {
      "type": "patchouli:item",
      "item": "#input9",
      "x": 50,
      "y": 45
    },
    {
      "type": "patchouli:item",
      "item": "#output",
      "link_recipe": true,
      "x": 88,
      "y": 26
    },
    {
      "type": "patchouli:text",
      "text": "#text",
      "y": 69
    },
    {
      "type": "patchouli:item",
      "item": "minecraft:crafting_table",
      "x": 88,
      "y": 45
    }
  ]
}